HID,n_sp,HYP,HOD,BUN,SF,OT,LOP,LOPT,AL,OL,ALX,AVERAGE.AGE
CH003,7,1.157142857,1.285714286,0,0.014285714,0.028571429,1,1.771428571,0.7,0.514285714,0.485714286,13.65
D0013,9,1.688888889,1.222222222,0.111111111,0.111111111,0.122222222,1.233333333,0.877777778,0.433333333,0.777777778,0.111111111,6.517
KL001,9,1.344444444,1.222222222,0.333333333,0.011111111,0.122222222,1.011111111,0.766666667,0.422222222,0.4,0.266666667,9.265
KL003,6,1.366666667,1,0.333333333,0,0.183333333,1.183333333,0.316666667,0.483333333,0.5,0.166666667,9.37
KL004,5,1.58,1,0.2,0.02,0.2,1.2,0.4,0.58,0.32,0.48,9.765
KL008,6,1.883333333,1.016666667,0.133333333,0.166666667,0.166666667,1.166666667,0.733333333,0.533333333,0.616666667,0.216666667,7.762
KL009,5,1.62,1,0.2,0.02,0.22,1.42,0.38,0.56,0.52,0.28,7.692
KL011,14,1.685714286,1.285714286,0.142857143,0.142857143,0.178571429,1.285714286,1.05,0.428571429,0.642857143,0.214285714,7.961
KL012,10,1.74,1.2,0.2,0.1,0.23,1.11,1.03,0.39,0.5,0.3,8.544
KL016,5,1.66,1.4,0,0.02,0.26,1.42,1.66,0.56,0.72,0.28,8.805
KL020,6,2.033333333,1,0.166666667,0,0.35,1.516666667,0.316666667,0.483333333,0.666666667,0.166666667,9.837
KL021,6,1.733333333,1.333333333,0.166666667,0,0.366666667,1.333333333,1.066666667,0.333333333,0.616666667,0.216666667,8.118
L0012,6,2.033333333,1,0,0.333333333,0.183333333,1.85,0.316666667,0.483333333,0.666666667,0.333333333,7.96
L0021,5,1,1,0.2,0,0,1,0.8,0.8,0.2,0.6,11.404
L0022,5,1.4,1.42,0.16,0.02,0.2,0.8,1.28,0.62,0.32,0.48,11.856
L0072,9,1.666666667,1.222222222,0.111111111,0.222222222,0.111111111,1.222222222,1,0.333333333,0.666666667,0.222222222,7.326
L0075,5,1.4,1,0.4,0.2,0,1.2,0,0.4,0.2,0.4,8.01
L0082,10,1.52,1.4,0.2,0.2,0.12,0.9,1.24,0.3,0.5,0.2,7.365
L0094,8,1.3875,1,0.375,0.0125,0.1375,0.8875,0.4875,0.35,0.45,0.175,10.228
L0101,9,1.333333333,1.111111111,0.555555556,0.111111111,0,0.444444444,0.222222222,0.222222222,0.111111111,0.222222222,3.3
L0102,7,1.414285714,1,0.428571429,0.014285714,0.142857143,0.857142857,0.285714286,0.271428571,0.371428571,0.2,3.3
ML005,7,1.414285714,1,0.142857143,0.014285714,0.142857143,1.428571429,0.285714286,0.7,0.228571429,0.628571429,8.726
ML006,5,2,1.02,0.18,0.02,0.4,1.6,0,0.38,0.52,0.28,8.86
RK001,6,1.533333333,1.016666667,0.133333333,0.016666667,0.183333333,1.35,0.383333333,0.666666667,0.433333333,0.233333333,10.421
Y0004,5,2.24,1.4,0.2,0.4,0.24,1.2,1.28,0,0.8,0,8.417
Y0007,9,1.833333333,1.222222222,0.111111111,0.122222222,0.255555556,1.233333333,1.144444444,0.311111111,0.722222222,0.166666667,8.314
Y0010,7,2.057142857,1.285714286,0.142857143,0.285714286,0.185714286,1.3,1.185714286,0.271428571,0.714285714,0.142857143,7.895
Y0011,9,1.8,1,0.222222222,0.222222222,0.122222222,1.455555556,0.211111111,0.433333333,0.444444444,0.333333333,7.878
Y0013,5,2.24,1.4,0.2,0.2,0.44,1.2,1.28,0,0.8,0,8.007
Y0017,12,1.866666667,1.333333333,0.083333333,0.166666667,0.191666667,1.425,1.025,0.491666667,0.666666667,0.25,7.999
Y0018,5,1.88,1.4,0.2,0,0.44,1.2,1.28,0.2,0.74,0.06,8.118
Y0019,10,2.04,1.4,0.1,0.2,0.33,1.31,1.23,0.29,0.7,0.2,8.03
Y0020,10,1.72,1,0,0.1,0.2,1.6,0.6,0.7,0.6,0.4,8.03
Y0024,15,1.826666667,1.133333333,0.133333333,0.133333333,0.086666667,1.406666667,0.686666667,0.526666667,0.6,0.266666667,8.174
Y0025,5,1.44,1,0.2,0,0.2,1.2,0.4,0.6,0.34,0.46,8.007
Y0028,13,1.730769231,1.153846154,0.169230769,0.153846154,0.169230769,1.253846154,0.823076923,0.361538462,0.561538462,0.269230769,8.368
Y0032,5,2.28,1.4,0,0.2,0.46,1.42,1.66,0.18,1,0,8.368
Y0033,6,1.733333333,1.333333333,0,0.166666667,0.216666667,1.183333333,1.716666667,0.316666667,0.833333333,0.166666667,8.039
Y0034,9,1.744444444,1.222222222,0.133333333,0.111111111,0.255555556,1.377777778,0.955555556,0.4,0.588888889,0.277777778,8.216
Y0035,7,1.628571429,1.585714286,0.114285714,0.014285714,0.328571429,1.014285714,1.814285714,0.428571429,0.657142857,0.2,8.216
Y0036,8,1.8375,1.5,0.025,0,0.4125,1.05,1.825,0.45,0.6625,0.3125,8.216
Y0037,6,1.066666667,1.333333333,0,0,0.05,0.85,2.05,0.816666667,0.333333333,0.666666667,13.461
Y0038,14,1.35,1.285714286,0.071428571,0,0.021428571,1.078571429,1.307142857,0.707142857,0.478571429,0.45,13.461
Y0040,5,1.22,1.8,0,0.02,0.04,0.8,2.48,0.58,0.52,0.48,13.403
Y0041,11,1.118181818,1.181818182,0.181818182,0.009090909,0.027272727,1.009090909,1.118181818,0.709090909,0.236363636,0.581818182,13.633
Y0042,7,1.2,1.3,0.114285714,0.014285714,0.042857143,1.014285714,1.528571429,0.571428571,0.514285714,0.342857143,12.653
Y0043,6,1.533333333,1.333333333,0,0,0.033333333,1.166666667,1.733333333,0.666666667,0.666666667,0.333333333,12.96
Y0050,7,1.2,1.3,0.114285714,0.014285714,0.042857143,1.014285714,1.528571429,0.714285714,0.371428571,0.485714286,13.061
Y0051,7,1.171428571,1,0,0,0.014285714,1.014285714,1.128571429,0.842857143,0.285714286,0.714285714,12.114
Y0053,10,1.15,1.21,0.18,0,0.03,1.11,1.07,0.61,0.5,0.3,12.756
Y0054,12,1.1,1.166666667,0,0,0.016666667,1,1.533333333,0.833333333,0.416666667,0.583333333,11.792
Y0055,5,1.36,1.02,0.16,0,0.02,1.02,0.86,0.82,0.34,0.46,12.143
Y0056,6,1.15,1,0,0.016666667,0,1,1,0.816666667,0.266666667,0.733333333,11.888
Y0057,5,1.24,1.42,0.16,0.02,0.04,0.8,1.76,0.42,0.52,0.28,12.13
Y0058,10,1.3,1.01,0.08,0.01,0.1,1.2,0.64,0.71,0.36,0.44,12.959
Y0059,20,1.335,1.2,0.05,0,0.06,1.3,1.02,0.75,0.435,0.515,13.652
Y0060,9,1.111111111,1,0,0,0,1.222222222,0.888888889,0.888888889,0.333333333,0.666666667,12.865
Y0061,6,1.15,1,0.166666667,0.016666667,0,1,0.666666667,0.816666667,0.1,0.733333333,11.572
Y0063,5,1.22,1,0,0.02,0.02,1.02,1.18,0.96,0.32,0.68,11.591
Y0065,6,1.1,1.333333333,0.166666667,0,0.05,0.85,1.716666667,0.65,0.45,0.383333333,11.591
Y0066,8,1.2375,1.5,0,0,0.0375,1.1375,1.7875,0.6125,0.8375,0.1625,13.361
Y0067,8,1.3625,1,0,0.0125,0.125,1.125,1,0.7375,0.45,0.55,13.59
Y0069,6,1.2,1,0,0,0.016666667,1.516666667,0.65,0.983333333,0.5,0.5,13.812
Y0071,7,1.342857143,1.3,0.114285714,0.014285714,0.028571429,1.428571429,0.971428571,0.728571429,0.357142857,0.5,13.274
Y0076,31,1.151612903,1.129032258,0.096774194,0,0.032258065,1.096774194,1,0.774193548,0.409677419,0.461290323,11.41
Y0083,9,1.111111111,1,0.222222222,0,0,0.666666667,0.888888889,0.666666667,0.111111111,0.666666667,11.601
Y0086,5,1.22,1,0,0.02,0.02,1.42,0.78,0.96,0.32,0.68,13.578
Y0087,5,1.28,1.42,0.16,0.02,0.06,1.02,1.74,0.6,0.52,0.28,13.874
Y0090,6,1.833333333,1,0.333333333,0.166666667,0.166666667,1.166666667,0,0.333333333,0.333333333,0.166666667,8.007
Y0095,6,1.583333333,1.666666667,0.166666667,0.016666667,0.25,1,1.783333333,0.316666667,0.6,0.233333333,9.337
Y0097,7,2.142857143,1,0.142857143,0.285714286,0.142857143,1.714285714,0,0.428571429,0.571428571,0.285714286,7.929
Y0099,7,1.885714286,1,0.142857143,0.142857143,0.3,1.3,0.557142857,0.414285714,0.571428571,0.285714286,7.929
Y0113,6,1.7,1.333333333,0.166666667,0.166666667,0.2,1.166666667,1.4,0.333333333,0.666666667,0.166666667,8.368
Y0130,7,2.057142857,1.285714286,0,0.285714286,0.185714286,1.585714286,1.185714286,0.414285714,0.857142857,0.142857143,7.96
Y0140,7,1.628571429,1.285714286,0.142857143,0,0.185714286,1.3,1.185714286,0.557142857,0.714285714,0.142857143,9.466
Y0144,6,1.583333333,1.666666667,0.166666667,0.016666667,0.25,1,1.783333333,0.316666667,0.6,0.233333333,8.765
Y0155,5,1.88,1.4,0.2,0.2,0.26,1.02,1.66,0.18,0.8,0,8.444
Y0158,15,1.76,1.266666667,0.133333333,0.133333333,0.22,1.34,0.82,0.46,0.533333333,0.266666667,8.739
Y0159,8,1.55,1.25,0.25,0,0.1625,1.1375,1.0375,0.4875,0.625,0.125,9.396
Y0160,8,1.525,1,0.125,0,0.125,1.375,0.5,0.75,0.5,0.375,9.408
Y0161,7,1.314285714,1.285714286,0.285714286,0,0.171428571,1,1.2,0.428571429,0.428571429,0.285714286,9.404
Y0162,6,1.7,1,0.166666667,0,0.183333333,1.516666667,0.316666667,0.65,0.666666667,0.166666667,9.449
Y0163,5,1.44,1,0.2,0,0.22,1.42,0.38,0.58,0.6,0.2,9.399
Y0165,5,1.66,1.4,0,0.02,0.26,1.42,1.66,0.56,0.72,0.28,8.794
Y0166,12,1.491666667,1.166666667,0.166666667,0,0.191666667,1.258333333,0.858333333,0.491666667,0.475,0.358333333,8.794
Y0168,5,2.04,1.4,0,0.2,0.22,1.42,1.38,0.38,1,0,8.296
Y0171,6,1.616666667,1.35,0.133333333,0,0.216666667,1.183333333,1.45,0.516666667,0.616666667,0.216666667,8.075
Y0172,7,1.628571429,1.285714286,0.142857143,0.142857143,0.185714286,1.157142857,1.185714286,0.414285714,0.571428571,0.142857143,8.282
Y0173,6,1.55,1.333333333,0.166666667,0.016666667,0.216666667,0.85,1.716666667,0.466666667,0.6,0.233333333,8.282
Y0174,11,1.8,1.363636364,0.090909091,0.090909091,0.236363636,1.009090909,1.509090909,0.354545455,0.727272727,0.181818182,8.397
Y0176,9,1.822222222,1.222222222,0.222222222,0.111111111,0.255555556,1.233333333,0.922222222,0.322222222,0.666666667,0.111111111,8.193
Y0179,5,1.62,1,0,0.02,0.22,1.42,0.78,0.76,0.52,0.48,8.662
Y0182,23,1.539130435,1.086956522,0.173913043,0.043478261,0.139130435,1.130434783,0.8,0.565217391,0.47826087,0.304347826,9.24
Y0191,8,1.5,1.25,0.25,0,0.25,1,0.75,0.375,0.5,0.25,9.332
Y0192,6,1.433333333,1.333333333,0.166666667,0,0.216666667,1.183333333,1.383333333,0.483333333,0.616666667,0.216666667,8.569
Y0193,8,1.5,1.25,0.25,0,0.125,1,0.875,0.375,0.5,0.25,8.996
Y0194,7,1.642857143,1.3,0.114285714,0,0.185714286,1.014285714,1.528571429,0.442857143,0.714285714,0.142857143,8.996
Y0196,7,1.714285714,1,0.142857143,0.142857143,0.142857143,1.571428571,0.285714286,0.571428571,0.571428571,0.285714286,8.996
Y0199,6,1.866666667,1.333333333,0.166666667,0.166666667,0.183333333,1.183333333,1.15,0.316666667,0.833333333,0,8.67
Y0205,5,1.62,1.4,0,0.02,0.24,1.4,1.68,0.58,0.72,0.28,9.002
Y0207,10,1.72,1,0.2,0,0.21,1.51,0.19,0.59,0.5,0.3,9.365
Y0211,23,1.530434783,1.086956522,0.173913043,0.043478261,0.139130435,1.304347826,0.539130435,0.565217391,0.347826087,0.47826087,9.329
Y0212,9,1.555555556,1,0,0.111111111,0.111111111,1.666666667,0.444444444,0.777777778,0.555555556,0.333333333,9.363
Y0213,7,1.342857143,1.285714286,0.285714286,0,0.185714286,1.014285714,1.185714286,0.414285714,0.571428571,0.142857143,9.401
Y0215,6,1.733333333,1.333333333,0.166666667,0.166666667,0.216666667,1.183333333,1.383333333,0.316666667,0.666666667,0.166666667,8.481
Y0216,9,1.488888889,1.222222222,0.111111111,0,0.144444444,1.233333333,1.144444444,0.544444444,0.666666667,0.222222222,9.591
Y0221,14,1.728571429,1,0.214285714,0.071428571,0.15,1.364285714,0.278571429,0.492857143,0.5,0.285714286,9.367
Y0224,11,1.654545455,1,0.181818182,0.090909091,0.1,1.190909091,0.536363636,0.536363636,0.545454545,0.272727273,9.401
Y0225,8,1.375,1,0.25,0,0.125,1.375,0.25,0.625,0.375,0.375,9.401
Y0226,10,1.6,1,0.2,0.1,0.2,1.3,0.4,0.5,0.5,0.3,9.367
Y0227,21,1.4,1.19047619,0.142857143,0.047619048,0.061904762,1.19047619,0.823809524,0.619047619,0.428571429,0.380952381,9.401
Y0228,8,1.3,1.25,0.125,0,0.1625,1.1375,1.2875,0.4875,0.625,0.25,9.621
Y0236,9,1.377777778,1.222222222,0,0,0.144444444,1.4,1.2,0.655555556,0.555555556,0.444444444,9.633
Y0239,8,1.275,1,0.25,0,0.1375,1.1375,0.4875,0.4875,0.5,0.25,9.314
Y0240,5,1.6,1,0.2,0,0.2,1.6,0,0.6,0.4,0.4,9.33
Y0243,13,1.4,1.153846154,0.153846154,0,0.092307692,1.115384615,0.992307692,0.692307692,0.461538462,0.307692308,9.251
Y0245,5,1.4,1.4,0,0,0.2,1.6,1,0.6,0.6,0.4,9.379
Y0246,8,1.275,1,0.125,0,0.1375,1.3875,0.4875,0.7375,0.375,0.5,9.849
Y0248,5,1.42,1.02,0.16,0,0.2,1.6,0.08,0.64,0.4,0.4,10.015
Y0250,8,1.2875,1.0125,0.1,0,0.1375,1.1375,0.7875,0.6375,0.5,0.375,9.721
Y0251,18,1.177777778,1.111111111,0.166666667,0,0.066666667,1.166666667,0.8,0.666666667,0.277777778,0.555555556,10.015
Y0254,7,1.457142857,1,0.142857143,0,0.157142857,1.585714286,0.271428571,0.7,0.428571429,0.428571429,10.477
Y0255,6,2,1,0,0.166666667,0.166666667,1.666666667,0.333333333,0.666666667,0.666666667,0.333333333,9.353
Y0258,11,1.409090909,1.190909091,0.072727273,0,0.118181818,1.554545455,0.790909091,0.736363636,0.363636364,0.545454545,10.159
Y0259,9,1.133333333,1,0.333333333,0,0.011111111,0.788888889,0.655555556,0.544444444,0.333333333,0.333333333,10.492
Y0260,15,1.413333333,1.133333333,0.266666667,0,0.073333333,1.006666667,0.726666667,0.526666667,0.4,0.333333333,9.269
Y0261,10,1.32,1,0.2,0,0.11,1.11,0.59,0.59,0.4,0.4,9.662
Y0262,11,1.363636364,1.181818182,0.181818182,0,0.181818182,1,0.909090909,0.545454545,0.454545455,0.272727273,9.577
Y0266,5,1.86,1.02,0.16,0,0.22,1.42,0.46,0.62,0.6,0.2,9.309
Y0269,19,1.442105263,1.105263158,0.210526316,0.052631579,0.068421053,1.215789474,0.647368421,0.573684211,0.368421053,0.421052632,9.415
Y0270,6,1.5,1,0.166666667,0,0.166666667,1.666666667,0,0.666666667,0.333333333,0.5,9.446
Y0285,8,1.425,1.25,0.125,0,0.1625,1.1375,1.2875,0.4875,0.5,0.375,9.829
Y0288,5,1.42,1.02,0.16,0,0.2,1,0.88,0.64,0.4,0.4,9.851
Y0307,7,1.6,1,0.142857143,0,0.157142857,1.585714286,0.271428571,0.7,0.428571429,0.428571429,9.436
Y0309,18,1.522222222,1.111111111,0.166666667,0.055555556,0.127777778,1.227777778,0.683333333,0.55,0.444444444,0.333333333,9.401
Y0310,19,1.642105263,1.105263158,0.210526316,0.052631579,0.168421053,1.105263158,0.757894737,0.473684211,0.473684211,0.315789474,9.356
Y0311,37,1.243243243,1.108108108,0.108108108,0.027027027,0.081081081,1.324324324,0.783783784,0.72972973,0.351351351,0.513513514,10.063
Y0312,11,1.727272727,1,0.090909091,0.090909091,0.181818182,1.363636364,0.545454545,0.545454545,0.636363636,0.272727273,9.399
Y0313,5,1.88,1.4,0.2,0.2,0.26,1.2,0.86,0.2,0.8,0,9.358
Y0314,15,1.413333333,1.133333333,0.333333333,0.066666667,0.08,1,0.693333333,0.4,0.4,0.266666667,9.333
Y0315,8,1.375,1,0.25,0,0.125,1.25,0.25,0.625,0.25,0.5,9.367
Y0316,5,1.6,1,0,0,0.2,1.8,0.4,0.8,0.6,0.4,9.358
Y0317,17,1.505882353,1.235294118,0.235294118,0.058823529,0.088235294,1.058823529,0.982352941,0.470588235,0.529411765,0.235294118,9.248
Y0318,6,1.516666667,1,0.166666667,0.016666667,0.183333333,1.183333333,0.65,0.633333333,0.433333333,0.4,9.358
Y0324,10,1.43,1.01,0.08,0,0.11,1.21,0.63,0.71,0.5,0.3,8.936
Y0325,7,1.785714286,1.285714286,0,0.014285714,0.328571429,1.585714286,1.185714286,0.542857143,0.785714286,0.214285714,8.792
Y0327,10,1.44,1.2,0.3,0.1,0.13,1.11,0.83,0.39,0.5,0.2,9.252
Y0328,8,1.625,1.25,0.375,0,0.25,0.875,0.75,0.375,0.5,0.125,9.391
Y0329,8,1.525,1,0.25,0,0.1375,1.1375,0.4875,0.6125,0.5,0.25,9.692
Y0330,11,1.390909091,1.372727273,0.072727273,0,0.2,1.181818182,1.527272727,0.654545455,0.636363636,0.272727273,9.692
Y0334,6,1.383333333,1.016666667,0.133333333,0,0.183333333,1.183333333,0.716666667,0.516666667,0.666666667,0.166666667,10.632
Y0336,6,1.2,1.016666667,0.133333333,0.016666667,0.016666667,1.183333333,0.716666667,0.833333333,0.266666667,0.566666667,12.365
Y0337,12,1.433333333,1.333333333,0.083333333,0,0.183333333,1.25,1.2,0.666666667,0.5,0.333333333,9.729
Y0339,10,1.5,1.2,0.2,0,0.2,1.1,0.8,0.6,0.5,0.3,9.282
Y0342,6,1.4,1.333333333,0.166666667,0,0.216666667,0.85,1.716666667,0.483333333,0.5,0.333333333,9.367
Y0350,12,1.35,1.166666667,0.166666667,0,0.1,1.083333333,1.033333333,0.583333333,0.583333333,0.166666667,9.415
Y0359,9,1.577777778,1,0.111111111,0,0.122222222,1.233333333,0.655555556,0.766666667,0.444444444,0.444444444,9.367
Y0362,5,1.8,1,0.2,0,0.2,1.2,0.4,0.6,0.6,0.2,9.692
Y0363,6,1.516666667,1,0.333333333,0.016666667,0.183333333,0.85,0.65,0.466666667,0.433333333,0.233333333,8.929
Y0365,6,1.716666667,1.016666667,0.133333333,0,0.183333333,1.183333333,0.716666667,0.683333333,0.5,0.333333333,9.415
Y0370,6,1.516666667,1,0.166666667,0.016666667,0.183333333,1.183333333,0.65,0.633333333,0.433333333,0.4,7.245
Y0373,8,1.9,1.25,0,0.25,0.15,1.5,1.05,0.375,0.75,0.25,7.167
Y0381,8,1.1375,1,0.25,0.0125,0.0125,0.8875,0.7375,0.6,0.325,0.425,12.757
Y0382,6,1.7,1,0.166666667,0.166666667,0.166666667,1.166666667,0.666666667,0.5,0.616666667,0.216666667,7.396
Y0383,5,1.84,1,0,0.4,0.02,1.02,1.18,0.38,0.8,0.2,3.499
Y0388,6,1.683333333,1,0.166666667,0.016666667,0.166666667,1.333333333,0.333333333,0.65,0.25,0.583333333,8.749
Y0391,5,1.8,1.4,0,0.2,0.2,1.4,1.4,0.4,0.8,0.2,8.306
Y0395,12,1.458333333,1,0.1,0,0.175,1.033333333,0.85,0.633333333,0.358333333,0.541666667,10.372
Y0396,5,1.88,1.4,0,0.2,0.24,1.4,1.68,0.4,0.8,0.2,8.886
Y0399,6,1.666666667,1,0.166666667,0.166666667,0,1.5,0.333333333,0.666666667,0.333333333,0.5,7.963
Y0403,5,1.4,1,0.2,0,0.2,1.2,0.4,0.6,0.2,0.6,9.341
Y0406,12,1.4,1.333333333,0.166666667,0,0.125,1.083333333,1.391666667,0.583333333,0.666666667,0.166666667,8.937
Y0413,5,1.62,1.02,0.16,0,0.2,1.6,0.08,0.64,0.2,0.6,9.428
Y0430,5,1.18,1,0.2,0.02,0,1.6,0,0.78,0.12,0.68,13.617
Y0439,5,1.52,1,0,0.02,0.2,1.4,0.8,0.78,0.56,0.46,9.323
Y0440,5,1.48,1.4,0,0.2,0.04,1.2,1.68,0.4,0.74,0.26,7.485
Y0443,5,1.88,1.4,0,0.2,0.24,1.2,2.08,0.4,1,0,8.498
Y0444,6,2.033333333,1,0.166666667,0.166666667,0.333333333,1.5,0.333333333,0.333333333,0.666666667,0.166666667,8.591
Y0445,6,1.4,1.333333333,0.166666667,0,0.2,1,1.4,0.5,0.45,0.383333333,8.703
Y0448,5,1.44,1,0.2,0,0.22,1.02,0.78,0.58,0.6,0.2,9.123
Y0450,18,1.255555556,1,0.166666667,0,0.066666667,1.177777778,0.633333333,0.711111111,0.327777778,0.5,10.222
Y0452,11,1.818181818,1,0.181818182,0.181818182,0.181818182,1.636363636,0,0.454545455,0.454545455,0.363636364,7.328
Y0453,8,1.525,1,0.125,0.125,0.0125,1.3875,0.4875,0.7375,0.5,0.375,6.497
Y0454,9,1.244444444,1,0.222222222,0,0.122222222,1.011111111,0.655555556,0.544444444,0.444444444,0.333333333,10.486
Y0455,6,1.066666667,1,0,0,0.016666667,0.85,1.316666667,0.983333333,0.283333333,0.716666667,11.153
Y0457,8,1.625,1.25,0.25,0.125,0.125,1,0.875,0.25,0.5,0.25,7.394
Y0461,5,1.48,1.4,0.2,0,0.24,1,1.68,0.4,0.74,0.06,8.586
Y0478,29,1.255172414,1.206896552,0.103448276,0,0.075862069,1.034482759,1.196551724,0.724137931,0.517241379,0.344827586,14.138
Y0486,13,1.092307692,1.153846154,0.153846154,0,0.015384615,1,1.107692308,0.692307692,0.307692308,0.538461538,12.224
Y0487,5,1.22,1,0.2,0.02,0.02,1.02,0.78,0.76,0.32,0.48,13.849
Y0491,12,1.25,1,0.166666667,0,0.083333333,1,0.666666667,0.666666667,0.25,0.5,13.8
Y0493,6,1.183333333,1,0.166666667,0.016666667,0.016666667,1.183333333,0.65,0.633333333,0.433333333,0.4,10.015
Y0494,18,1.116666667,1.005555556,0.155555556,0,0.055555556,0.833333333,0.911111111,0.733333333,0.277777778,0.5,12.377
Y0495,13,1.015384615,1.153846154,0.153846154,0,0.015384615,1,1.107692308,0.692307692,0.461538462,0.307692308,11.616
Y0496,29,1.248275862,1.068965517,0.103448276,0,0.04137931,1.275862069,0.772413793,0.793103448,0.413793103,0.448275862,12.377
Y0498,11,1.090909091,1,0.181818182,0,0,0.909090909,0.909090909,0.818181818,0.181818182,0.636363636,11.712
Y0499,17,1.158823529,1.117647059,0.235294118,0,0.011764706,1,0.847058824,0.647058824,0.394117647,0.370588235,12.088
Y0500,19,1.010526316,1.105263158,0.157894737,0,0.010526316,0.947368421,1.073684211,0.736842105,0.368421053,0.473684211,12.088
Y0501,6,1.1,1.666666667,0.166666667,0,0.083333333,0.5,2.45,0.5,0.5,0.333333333,14.118
Y0502,17,1.117647059,1,0.176470588,0,0.058823529,1.058823529,0.588235294,0.705882353,0.235294118,0.529411765,11.971
Y0503,12,1.016666667,1.166666667,0,0,0.016666667,0.916666667,1.7,0.833333333,0.5,0.5,13.68
Y0504,20,1.06,1.1,0.15,0,0.01,0.95,1.02,0.75,0.3,0.5,11.644
Y0506,9,1.122222222,1.222222222,0.111111111,0.011111111,0.022222222,1,1.377777778,0.766666667,0.288888889,0.6,13.986
Y0507,16,1.2125,1.125,0.0625,0,0.0125,1.3125,0.9,0.8125,0.4375,0.5,11.674
Y0509,6,1.533333333,1.333333333,0.166666667,0,0.2,1,1.4,0.5,0.333333333,0.5,13.185
Y0510,7,1.128571429,1,0,0.014285714,0,1.571428571,0.571428571,0.842857143,0.371428571,0.628571429,12.833
Y0511,8,1.175,1.2625,0.1,0.0125,0.025,1,1.6,0.7625,0.45,0.425,12.924
Y0512,6,1.5,1,0.166666667,0,0,1.333333333,0.333333333,0.666666667,0.333333333,0.5,12.073
Y0513,8,1.25,1.2625,0.1,0.0125,0.125,1,1.3,0.6375,0.575,0.3,13.091
Y0514,10,1.2,1,0,0,0,1.2,0.8,0.9,0.3,0.7,13.047
Y0515,16,1.2,1.125,0.125,0,0.075,0.9375,1.15,0.6875,0.375,0.4375,12.088
Y0535,10,1.52,1,0.2,0,0.21,1.21,0.39,0.49,0.5,0.2,8.425
Y0537,6,1.2,1.016666667,0.133333333,0.016666667,0.016666667,1.183333333,0.716666667,0.833333333,0.266666667,0.566666667,10.584
Y0539,9,1.577777778,1.222222222,0.111111111,0.111111111,0.133333333,1.444444444,0.933333333,0.555555556,0.555555556,0.333333333,8.056
Y0541,11,1.563636364,1,0.181818182,0.181818182,0.090909091,1.545454545,0.181818182,0.545454545,0.427272727,0.390909091,7.966
Y0542,8,1.65,1.25,0.125,0,0.275,1.375,1.05,0.5,0.5,0.375,8.056
Y0545,20,1.53,1.2,0.05,0.1,0.125,1.3,1.035,0.6,0.55,0.35,8.056
Y0547,12,1.75,1.166666667,0.166666667,0.166666667,0.166666667,1.25,0.75,0.333333333,0.666666667,0.166666667,7.966
Y0551,7,1.442857143,1,0.142857143,0.014285714,0.157142857,1.014285714,0.842857143,0.4,0.657142857,0.2,5.979
Y0552,5,1.8,1.4,0,0.2,0.2,1.2,1.8,0.2,0.8,0.2,6.049
Y0572,7,1.314285714,1,0.285714286,0,0.157142857,1.3,0.271428571,0.557142857,0.428571429,0.285714286,10.366
Y0578,12,1.283333333,1.166666667,0.25,0,0.108333333,0.925,1.025,0.491666667,0.416666667,0.333333333,9.696
Y0579,5,1.42,1.02,0.16,0,0.2,1.4,0.48,0.64,0.6,0.2,9.748
Y0581,12,1.633333333,1.175,0.166666667,0.166666667,0.091666667,1.2,0.8,0.4,0.608333333,0.208333333,7.157
Y0591,9,1.144444444,1.222222222,0.111111111,0.011111111,0.033333333,1.011111111,1.366666667,0.755555556,0.288888889,0.6,15.962
Y0592,14,1.064285714,1,0.285714286,0.007142857,0,1,0.714285714,0.707142857,0.328571429,0.385714286,16.045
Y0596,9,1.333333333,1,0,0,0.111111111,1.444444444,0.666666667,0.888888889,0.444444444,0.444444444,10.106
Y0599,11,1.745454545,1.181818182,0.181818182,0.181818182,0.181818182,1.181818182,0.818181818,0.363636364,0.609090909,0.209090909,8.056
Y0600,9,1.8,1.444444444,0,0.222222222,0.222222222,1.444444444,1,0.444444444,0.633333333,0.255555556,8.056
Y0604,13,1.569230769,1.153846154,0.230769231,0.076923077,0.169230769,1.230769231,0.8,0.461538462,0.461538462,0.307692308,8.569
Y0605,6,1.566666667,1.666666667,0,0,0.366666667,1.333333333,1.733333333,0.5,0.616666667,0.383333333,8.116
Y0606,10,1.75,1.41,0.08,0.2,0.22,1.3,1.28,0.42,0.67,0.23,8.056
Y0608,7,1.7,1,0.142857143,0.014285714,0.285714286,1.428571429,0.571428571,0.557142857,0.657142857,0.2,8.569
Y0609,6,1.583333333,1,0.333333333,0,0.166666667,1.333333333,0,0.5,0.283333333,0.383333333,8.846
Y0631,7,1.428571429,1,0.142857143,0,0.142857143,1.285714286,0.571428571,0.714285714,0.428571429,0.428571429,9.327
Y0634,15,1.013333333,1.133333333,0.133333333,0,0,0.933333333,1.266666667,0.733333333,0.466666667,0.333333333,12.327
Y0640,18,1.055555556,1.222222222,0,0,0,1.277777778,1.055555556,0.833333333,0.333333333,0.666666667,13.652
Y0641,10,1.11,1.21,0.09,0,0,1.2,1.1,0.8,0.3,0.6,13.652
Y0642,12,1.125,1.166666667,0.25,0.083333333,0.016666667,0.975,0.975,0.583333333,0.333333333,0.391666667,15.169
Y0644,7,1.157142857,1,0,0.014285714,0.014285714,1.014285714,1.128571429,0.971428571,0.228571429,0.771428571,13.789
Y0647,20,1,1.15,0.2,0,0,1,1.15,0.75,0.4,0.4,12.377
Y0650,9,1.133333333,1.222222222,0.111111111,0,0.022222222,0.888888889,1.377777778,0.666666667,0.222222222,0.666666667,13.098
Y0651,6,1.183333333,1.333333333,0.166666667,0.016666667,0.033333333,1,1.4,0.65,0.266666667,0.566666667,13.589
Y0652,9,1.1,1,0.111111111,0.011111111,0,1.222222222,0.666666667,0.877777778,0.177777778,0.711111111,15.84
Y0658,6,1.15,1,0.166666667,0.016666667,0,1.333333333,0.333333333,0.816666667,0.1,0.733333333,13.751
Y0661,6,1.1,1.333333333,0,0,0.05,1.183333333,1.716666667,0.816666667,0.45,0.55,13.365
Y0663,11,1.1,1,0.181818182,0.009090909,0.009090909,0.827272727,0.9,0.709090909,0.236363636,0.581818182,11.62
Y0665,8,1.1625,1.25,0,0.0125,0.0375,1.1375,1.5375,0.725,0.45,0.55,13.725
Y0666,8,1.175,1.2625,0.1,0.0125,0.0375,1.1375,1.3375,0.75,0.325,0.55,13.797
Y0668,6,1.216666667,1.016666667,0.3,0,0.016666667,1.183333333,0.383333333,0.683333333,0.166666667,0.5,13.391
Y0669,6,1.05,1.35,0.133333333,0,0.033333333,0.833333333,1.8,0.533333333,0.666666667,0.166666667,13.759
Y0675,8,1.025,1.25,0.125,0,0.025,0.5,1.8,0.625,0.25,0.625,12.715
Y0677,6,1.216666667,1.333333333,0,0.016666667,0.05,1.183333333,1.716666667,0.8,0.433333333,0.566666667,13.707
Y0678,10,1.11,1.2,0.2,0.01,0.02,0.77,1.37,0.59,0.36,0.44,15.103
Y0681,7,1.128571429,1,0.142857143,0.014285714,0,1.285714286,0.571428571,0.842857143,0.228571429,0.628571429,14.664
Y0682,16,1.06875,1.125,0.375,0.00625,0.0125,0.8125,0.775,0.55625,0.225,0.3375,15.169
Y0686,6,1.216666667,1.333333333,0.166666667,0.016666667,0.05,0.85,1.716666667,0.466666667,0.6,0.233333333,16.568
Y0687,6,1,1,0,0,0,0.5,1.666666667,1,0.166666667,0.833333333,17.878
Y0690,13,1.415384615,1.153846154,0.076923077,0,0.015384615,1.307692308,0.953846154,0.769230769,0.461538462,0.461538462,13.085
Y0691,9,1.244444444,1.222222222,0,0,0.133333333,1.333333333,1.155555556,0.666666667,0.444444444,0.555555556,13.085
Y0694,15,1.166666667,1.14,0.053333333,0,0.08,1.133333333,1.253333333,0.746666667,0.6,0.333333333,13.901
Y0695,10,1.02,1.2,0.2,0,0.02,0.8,1.44,0.6,0.5,0.3,12.392
Y0698,10,1.3,1,0.1,0,0,1.2,0.6,0.8,0.3,0.5,12.984
Y0705,20,1.15,1.1,0.1,0,0,1.1,0.95,0.8,0.4,0.45,12.364
Y0706,7,1.285714286,1,0,0,0.142857143,1.428571429,0.857142857,0.857142857,0.571428571,0.428571429,12.27
Y0710,8,1.175,1.25,0.125,0,0.0375,1.1375,1.2875,0.7375,0.375,0.5,13.013
Y0711,6,1.366666667,1,0,0,0.016666667,1.183333333,0.983333333,0.816666667,0.5,0.5,13.085
Y0714,9,1.244444444,1.222222222,0.222222222,0,0.022222222,0.777777778,1.377777778,0.555555556,0.444444444,0.333333333,12.779
Y0716,9,1.166666667,1.444444444,0,0.011111111,0.055555556,0.888888889,2.077777778,0.766666667,0.511111111,0.488888889,12.935
Y0719,6,1.233333333,1.35,0.133333333,0.016666667,0.05,1.183333333,1.45,0.666666667,0.433333333,0.4,14.059
Y0724,5,1.18,1,0.2,0.02,0,1.2,0.4,0.58,0.32,0.48,13.411
Y0725,8,1.6625,1.0125,0.1,0,0.0125,1.6375,0.2875,0.8875,0.375,0.5,13.036
Y0726,6,1.35,1.016666667,0.133333333,0,0,1.666666667,0.066666667,0.866666667,0.166666667,0.666666667,13.05
Y0728,6,1.483333333,1,0.166666667,0.016666667,0.166666667,1.5,0.333333333,0.65,0.433333333,0.4,10.365
Y0731,7,1.057142857,1.571428571,0.285714286,0,0.028571429,0.714285714,1.771428571,0.428571429,0.428571429,0.285714286,16.465
Y0735,9,1.222222222,1,0.111111111,0,0.111111111,1,0.888888889,0.666666667,0.444444444,0.444444444,11.668
Y0738,10,1.09,1,0.1,0.01,0,1.1,1,0.89,0.36,0.54,15.565
Y0739,5,1.04,1,0,0,0,0.4,2,0.8,0.6,0.4,17.996
Y0740,5,1.18,1,0.2,0.02,0,1,0.8,0.58,0.52,0.28,15.818
Y0744,7,1.028571429,1.285714286,0,0,0.028571429,0.714285714,2.057142857,0.857142857,0.285714286,0.714285714,16.655
Y0747,13,1.076923077,1,0.153846154,0,0,0.976923077,0.869230769,0.769230769,0.307692308,0.538461538,17.892
Y0750,20,1.15,1,0.2,0,0.05,1.05,0.6,0.7,0.3,0.45,12.749
Y0756,5,1.06,1.02,0.16,0,0.02,1.42,0.46,0.82,0.4,0.4,11.552
Y0758,12,1.1,1.166666667,0,0,0.016666667,1.5,1.033333333,0.916666667,0.5,0.5,14.051
Y0760,5,1.22,1,0,0.02,0.02,1.42,0.78,0.96,0.32,0.68,12.002
Y0761,7,1.171428571,1.285714286,0,0,0.028571429,1.142857143,1.485714286,0.714285714,0.428571429,0.571428571,14.102
Y0767,11,1.263636364,1.181818182,0.090909091,0.009090909,0.090909091,0.909090909,1.181818182,0.627272727,0.418181818,0.4,12.371
Y0771,5,1.24,1.02,0.16,0.02,0.02,1.02,0.86,0.8,0.32,0.48,12.392
Y0772,15,1.013333333,1.133333333,0.133333333,0,0.013333333,0.866666667,1.226666667,0.733333333,0.466666667,0.333333333,12.371
Y0775,9,1,1,0.333333333,0,0,0.777777778,0.666666667,0.555555556,0.333333333,0.333333333,12.318
Y0776,10,1.24,1.2,0.3,0,0.02,0.7,1.24,0.5,0.4,0.3,12.318
Y0779,7,1.471428571,1.014285714,0.114285714,0,0.157142857,1.3,0.614285714,0.585714286,0.428571429,0.428571429,10.759
Y0780,6,1.266666667,1.35,0.133333333,0.016666667,0.05,1.016666667,1.783333333,0.666666667,0.6,0.233333333,16.828
Y0782,7,1.185714286,1.014285714,0.114285714,0,0.014285714,1.014285714,0.9,0.728571429,0.285714286,0.571428571,12.606
Y0784,10,1.11,1.2,0.2,0.01,0.02,1,1.04,0.59,0.36,0.34,12.304
Y0797,11,1.127272727,1.181818182,0.181818182,0,0.027272727,0.918181818,1.118181818,0.718181818,0.181818182,0.545454545,11.183
Y0801,5,1.2,1,0.4,0,0,1.2,0,0.6,0.2,0.4,16.763
Y0802,13,1.092307692,1.007692308,0.292307692,0.007692308,0,1.076923077,0.646153846,0.7,0.353846154,0.338461538,16.763
Y0811,6,1,1,0,0,0,1,1,1,0.333333333,0.666666667,13.372
Y0822,14,1.228571429,1.142857143,0.071428571,0,0.007142857,1.15,0.921428571,0.85,0.285714286,0.571428571,13.007
Y0824,7,1.471428571,1.3,0.114285714,0,0.028571429,1.142857143,1.257142857,0.742857143,0.285714286,0.571428571,13.112
Y0825,9,1.355555556,1.222222222,0,0,0.133333333,1.333333333,1.155555556,0.666666667,0.444444444,0.555555556,12.756
Y0826,5,1.2,1.02,0.16,0.02,0,1.2,0.48,0.62,0.32,0.48,12.756
Y0828,8,1.025,1,0.125,0,0,1.375,0.5,0.875,0.2125,0.6625,13.357
Y0831,5,1.28,1.4,0,0,0.06,1.02,2.06,0.78,0.4,0.6,13.573
Y0833,5,1.58,1,0.2,0.02,0.2,0.8,0.8,0.38,0.52,0.28,15.129
Y0834,7,1.028571429,1,0,0,0,1.142857143,0.857142857,1,0.1,0.9,11.711
Y0835,9,1.366666667,1.222222222,0,0.011111111,0.133333333,1.111111111,1.6,0.655555556,0.622222222,0.377777778,13.656
Y0847,5,1.22,1,0,0.02,0.02,1.42,0.78,0.76,0.52,0.48,13.435
Y0853,7,1.142857143,1.014285714,0.257142857,0.014285714,0,1,0.628571429,0.728571429,0.228571429,0.485714286,12.039
Y0878,9,1.477777778,1.233333333,0.088888889,0,0.122222222,1.455555556,0.7,0.788888889,0.555555556,0.333333333,14.138
Y0882,6,1.066666667,1.333333333,0,0,0.05,1,1.383333333,0.666666667,0.5,0.5,13.656
Y0891,6,1.5,1,0.333333333,0,0.166666667,1,0.333333333,0.333333333,0.333333333,0.333333333,8.747
Y0898,6,2.033333333,1,0.166666667,0.333333333,0.183333333,1.516666667,0.316666667,0.316666667,0.666666667,0.166666667,7.815
Y0906,6,1.733333333,1.333333333,0.166666667,0.166666667,0.216666667,1,1.05,0.166666667,0.666666667,0.166666667,7.84
Y0908,9,1.266666667,1.222222222,0.222222222,0,0.133333333,1.111111111,0.933333333,0.444444444,0.411111111,0.366666667,6.967
Y0910,7,1.885714286,1.285714286,0.142857143,0.285714286,0.171428571,1.142857143,1.2,0.142857143,0.714285714,0.142857143,7.158
Y0913,5,2.08,1.4,0,0.2,0.26,1.6,0.86,0.4,0.8,0.2,6.35
Y0917,7,1.714285714,1.285714286,0.285714286,0.142857143,0.285714286,0.857142857,0.857142857,0.142857143,0.571428571,0.142857143,7.815
Y0918,5,1.88,1.4,0.2,0.2,0.26,1.02,1.66,0.18,0.8,0,7.815
Y0927,5,2.24,1.4,0,0.4,0.24,1.6,1.28,0.2,0.8,0.2,7.353
Y0930,5,1.48,1.4,0.2,0.2,0.04,0.8,1.68,0.2,0.74,0.06,6.334
Y0932,5,1.8,1,0.4,0.2,0.2,1.2,0,0.2,0.4,0.2,7.338
Y0935,7,1.471428571,1.285714286,0.142857143,0.014285714,0.185714286,1.142857143,0.9,0.414285714,0.514285714,0.342857143,7.414
Y0941,7,1.885714286,1.285714286,0,0.142857143,0.314285714,1.285714286,1.485714286,0.285714286,0.857142857,0.142857143,7.389
Y0943,6,1.666666667,1.333333333,0.333333333,0.166666667,0.166666667,1,0.833333333,0.166666667,0.5,0.166666667,7.414
Y0944,6,1.766666667,1.666666667,0.333333333,0.166666667,0.25,0.666666667,1.783333333,0,0.666666667,0,7.414
Y0946,9,1.911111111,1.222222222,0.222222222,0.222222222,0.133333333,1.333333333,0.711111111,0.333333333,0.555555556,0.222222222,7.809
Y0947,8,1.75,1.25,0.25,0.25,0.125,1.125,0.875,0.25,0.625,0.125,7.81
Y0948,7,1.914285714,1.285714286,0.142857143,0.285714286,0.185714286,1.014285714,1.471428571,0.128571429,0.857142857,0,7.814
Y0950,10,1.52,1,0.2,0.1,0.1,1.1,0.6,0.5,0.5,0.3,7.809
Y0960,7,1.628571429,1.285714286,0.285714286,0.142857143,0.185714286,0.857142857,0.9,0.142857143,0.571428571,0.142857143,7.812
Y0980,15,1.533333333,1.266666667,0.133333333,0.066666667,0.2,1.133333333,1.133333333,0.533333333,0.6,0.266666667,8.891
Y0981,8,1.5,1,0.25,0.125,0.125,0.875,0.75,0.375,0.5,0.25,8.685
Y0986,5,1.22,1,0,0.02,0.02,1.62,0.38,0.96,0.32,0.48,11.404
Y0998,8,1.525,1.25,0.125,0.125,0.15,1.375,1.05,0.5,0.5,0.375,8.056
Y1000,5,1.88,1.4,0.2,0.2,0.26,1.02,1.66,0.18,0.8,0,8.055
Z0116,5,1,1,0,0,0,1,1.2,1,0.4,0.4,18.71
Z0117,5,1.04,1,0,0,0.02,1.02,1.18,0.98,0.2,0.8,18.71
Z0120,11,1.036363636,1.181818182,0.181818182,0,0.027272727,1.009090909,1.118181818,0.718181818,0.181818182,0.636363636,18.108
Z0121,6,1.2,1,0.166666667,0,0.016666667,0.85,0.983333333,0.816666667,0.166666667,0.666666667,18.213
Z0122,9,1.077777778,1,0.333333333,0.011111111,0.011111111,1.011111111,0.433333333,0.644444444,0.155555556,0.511111111,18.69
Z0124,6,1.066666667,1.333333333,0,0,0.05,1.183333333,1.716666667,0.816666667,0.333333333,0.666666667,18.75
Z0129,5,1,1,0,0,0,0.8,1.2,1,0.2,0.6,21.95
Z0211,5,1.26,1.4,0,0.02,0.06,1.02,2.06,0.76,0.52,0.48,18.108
